{
  "data" : [
    {
      "text" : "1 sem syllabus",
      "entities" : [
        {
          "entity" : "intent",
          "value" : "\"syllabus\""
        }
      ]
    },
    {
      "text" : "1semester result",
      "entities" : [
        {
          "entity" : "intent",
          "value" : "\"result\""
        }
      ]
    },
    {
      "text" : "2016",
      "entities" : [
        {
          "entity" : "year",
          "value" : "\"2016\""
        }
      ]
    },
    {
      "text" : "2017",
      "entities" : [
        {
          "entity" : "year",
          "value" : "\"2017\""
        }
      ]
    },
    {
      "text" : "2017 syllabus of cse department",
      "entities" : [
        {
          "entity" : "greetings",
          "value" : "\"true\""
        },
        {
          "entity" : "intent",
          "value" : "\"syllabus\""
        },
        {
          "entity" : "year",
          "value" : "\"2017\""
        },
        {
          "entity" : "department",
          "value" : "\"cse\"",
          "start" : 17,
          "end" : 20
        },
        {
          "entity" : "intent",
          "value" : "\"department\"",
          "start" : 21,
          "end" : 31
        }
      ]
    },
    {
      "text" : "2018",
      "entities" : [
        {
          "entity" : "year",
          "value" : "\"2018\""
        }
      ]
    },
    {
      "text" : "3245676",
      "entities" : [
        {
          "entity" : "intent",
          "value" : "\"regno\""
        }
      ]
    },
    {
      "text" : "5th sem result",
      "entities" : [
        {
          "entity" : "intent",
          "value" : "\"result\""
        }
      ]
    },
    {
      "text" : "6 sem result",
      "entities" : [
        {
          "entity" : "intent",
          "value" : "\"result\""
        }
      ]
    },
    {
      "text" : "Hey Buddy",
      "entities" : [
        {
          "entity" : "greetings",
          "value" : "\"true\""
        }
      ]
    },
    {
      "text" : "Hi buddy",
      "entities" : [
        {
          "entity" : "greetings",
          "value" : "\"true\""
        }
      ]
    },
    {
      "text" : "can i have 3 sem cse syllabus of 2018",
      "entities" : [
        {
          "entity" : "department",
          "value" : "\"cse\""
        },
        {
          "entity" : "intent",
          "value" : "\"syllabus\""
        },
        {
          "entity" : "year",
          "value" : "\"2017\""
        }
      ]
    },
    {
      "text" : "can i have syllabus",
      "entities" : [
        {
          "entity" : "department",
          "value" : "\"cse\""
        },
        {
          "entity" : "intent",
          "value" : "\"syllabus\""
        },
        {
          "entity" : "syllabus",
          "value" : "\"sem\""
        },
        {
          "entity" : "year",
          "value" : "\"2017\""
        }
      ]
    },
    {
      "text" : "cse",
      "entities" : [
        {
          "entity" : "department",
          "value" : "\"cse\""
        }
      ]
    },
    {
      "text" : "ece",
      "entities" : [
        {
          "entity" : "department",
          "value" : "\"ece\""
        }
      ]
    },
    {
      "text" : "events"
    },
    {
      "text" : "give my result",
      "entities" : [
        {
          "entity" : "intent",
          "value" : "\"result\""
        }
      ]
    },
    {
      "text" : "hello",
      "entities" : [
        {
          "entity" : "greetings",
          "value" : "\"true\""
        },
        {
          "entity" : "intent",
          "value" : "\"\""
        }
      ]
    },
    {
      "text" : "i want my syllabus",
      "entities" : [
        {
          "entity" : "intent",
          "value" : "\"syllabus\""
        }
      ]
    },
    {
      "text" : "i want semester result",
      "entities" : [
        {
          "entity" : "intent",
          "value" : "\"result\""
        }
      ]
    },
    {
      "text" : "i want to know my  result ",
      "entities" : [
        {
          "entity" : "intent",
          "value" : "\"result\""
        },
        {
          "entity" : "result",
          "value" : "\"semseter\"",
          "start" : 20,
          "end" : 26
        }
      ]
    },
    {
      "text" : "i want to know my  semester result ",
      "entities" : [
        {
          "entity" : "intent",
          "value" : "\"result\""
        },
        {
          "entity" : "result",
          "value" : "\"semseter\"",
          "start" : 28,
          "end" : 34
        }
      ]
    },
    {
      "text" : "i want to know my semester  result ",
      "entities" : [
        {
          "entity" : "intent",
          "value" : "\"result\""
        }
      ]
    },
    {
      "text" : "i want to know my semester result",
      "entities" : [
        {
          "entity" : "intent",
          "value" : "\"result\""
        }
      ]
    },
    {
      "text" : "it"
    },
    {
      "text" : "restart",
      "entities" : [
        {
          "entity" : "intent",
          "value" : "\"startOver\""
        }
      ]
    },
    {
      "text" : "results",
      "entities" : [
        {
          "entity" : "intent",
          "value" : "\"result\""
        }
      ]
    },
    {
      "text" : "sem",
      "entities" : [
        {
          "entity" : "intent",
          "value" : "\"sem\""
        }
      ]
    },
    {
      "text" : "sem1",
      "entities" : [
        {
          "entity" : "intent",
          "value" : "\"sem1\""
        }
      ]
    },
    {
      "text" : "sem2",
      "entities" : [
        {
          "entity" : "intent",
          "value" : "\"sem2\""
        }
      ]
    },
    {
      "text" : "sem3",
      "entities" : [
        {
          "entity" : "intent",
          "value" : "\"sem3\""
        }
      ]
    },
    {
      "text" : "sem4",
      "entities" : [
        {
          "entity" : "intent",
          "value" : "\"sem4\""
        }
      ]
    },
    {
      "text" : "sem5",
      "entities" : [
        {
          "entity" : "intent",
          "value" : "\"sem5\""
        }
      ]
    },
    {
      "text" : "sem6",
      "entities" : [
        {
          "entity" : "intent",
          "value" : "\"sem6\""
        }
      ]
    },
    {
      "text" : "semester 3"
    },
    {
      "text" : "semester 6 result",
      "entities" : [
        {
          "entity" : "intent",
          "value" : "\"result\""
        }
      ]
    },
    {
      "text" : "start over",
      "entities" : [
        {
          "entity" : "intent",
          "value" : "\"startOver\""
        }
      ]
    },
    {
      "text" : "syllabus"
    },
    {
      "text" : "syllabus of 2018",
      "entities" : [
        {
          "entity" : "intent",
          "value" : "\"syllabus\""
        },
        {
          "entity" : "year",
          "value" : "\"2018\"",
          "start" : 12,
          "end" : 16
        }
      ]
    }
  ]
}