{
  "data" : [
    {
      "name" : "syllabus",
      "turns" : [
        {
          "user" : "syllabus",
          "entities" : [
            {
              "entity" : "intent",
              "value" : "\"syllabus\""
            }
          ],
          "operations" : [
            {
              "action" : "function-setsemNO"
            },
            {
              "branches" : [
                {
                  "predicates" : [
                    {
                      "name" : "sem",
                      "negative" : false
                    }
                  ],
                  "operations" : [
                    {
                      "action" : "template-sure ! which sem"
                    }
                  ],
                  "turns" : [
                    {
                      "branches" : [
                        [
                          {
                            "user" : "sem1",
                            "entities" : [
                              {
                                "entity" : "sem",
                                "value" : "\"sem1\""
                              }
                            ],
                            "operations" : [
                              {
                                "action" : "function-setdepartment"
                              },
                              {
                                "branches" : [
                                  {
                                    "predicates" : [
                                      {
                                        "name" : "department",
                                        "negative" : false
                                      }
                                    ],
                                    "operations" : [
                                      {
                                        "action" : "template-your syllabus of which department "
                                      }
                                    ],
                                    "turns" : [
                                      {
                                        "branches" : [
                                          [
                                            {
                                              "user" : "cse",
                                              "entities" : [
                                                {
                                                  "entity" : "department",
                                                  "value" : "\"cse\""
                                                }
                                              ],
                                              "operations" : [
                                                {
                                                  "action" : "template-here is your {department} "
                                                }
                                              ]
                                            }
                                          ],
                                          [
                                            {
                                              "user" : "ece",
                                              "entities" : [
                                                {
                                                  "entity" : "department",
                                                  "value" : "\"ece\""
                                                }
                                              ],
                                              "operations" : [ ]
                                            }
                                          ]
                                        ]
                                      }
                                    ]
                                  }
                                ]
                              }
                            ]
                          }
                        ],
                        [
                          {
                            "user" : "sem2",
                            "entities" : [
                              {
                                "entity" : "sem",
                                "value" : "\"sem2\""
                              }
                            ],
                            "operations" : [ ]
                          }
                        ],
                        [
                          {
                            "user" : "sem3",
                            "entities" : [
                              {
                                "entity" : "sem",
                                "value" : "\"sem3\""
                              }
                            ],
                            "operations" : [ ]
                          }
                        ]
                      ]
                    }
                  ]
                }
              ]
            }
          ]
        }
      ]
    },
    {
      "name" : "",
      "turns" : [
        {
          "user" : "Hey Buddy",
          "entities" : [
            {
              "entity" : "greetings",
              "value" : "\"true\""
            }
          ],
          "operations" : [
            {
              "action" : "template-Hey Buddy ,what's up? would you like to know"
            }
          ]
        },
        {
          "branches" : [
            [
              {
                "user" : "results",
                "entities" : [
                  {
                    "entity" : "intent",
                    "value" : "\"result\""
                  }
                ],
                "operations" : [
                  {
                    "action" : "function-setsemsterNO"
                  },
                  {
                    "branches" : [
                      {
                        "predicates" : [
                          {
                            "name" : "semno",
                            "negative" : false
                          }
                        ],
                        "operations" : [
                          {
                            "action" : "template-sure!which sem"
                          }
                        ],
                        "turns" : [
                          {
                            "branches" : [
                              [
                                {
                                  "user" : "sem",
                                  "entities" : [
                                    {
                                      "entity" : "intent",
                                      "value" : "\"sem\""
                                    }
                                  ],
                                  "operations" : [
                                    {
                                      "action" : "template-which semester?"
                                    }
                                  ]
                                }
                              ],
                              [
                                {
                                  "user" : "sem1",
                                  "entities" : [
                                    {
                                      "entity" : "intent",
                                      "value" : "\"sem1\""
                                    }
                                  ],
                                  "operations" : [
                                    {
                                      "action" : "template-cool! fingers crossed, fetching your result"
                                    }
                                  ]
                                }
                              ],
                              [
                                {
                                  "user" : "sem2",
                                  "entities" : [
                                    {
                                      "entity" : "intent",
                                      "value" : "\"sem2\""
                                    }
                                  ],
                                  "operations" : [
                                    {
                                      "action" : "template-cool! fingers crossed, fetching your result"
                                    }
                                  ]
                                }
                              ],
                              [
                                {
                                  "user" : "sem3",
                                  "entities" : [
                                    {
                                      "entity" : "intent",
                                      "value" : "\"sem3\""
                                    }
                                  ],
                                  "operations" : [
                                    {
                                      "action" : "template-cool! fingers crossed, fetching your result"
                                    }
                                  ]
                                }
                              ],
                              [
                                {
                                  "user" : "sem4",
                                  "entities" : [
                                    {
                                      "entity" : "intent",
                                      "value" : "\"sem4\""
                                    }
                                  ],
                                  "operations" : [
                                    {
                                      "action" : "template-cool! fingers crossed, fetching your result"
                                    }
                                  ]
                                }
                              ],
                              [
                                {
                                  "user" : "sem5",
                                  "entities" : [
                                    {
                                      "entity" : "intent",
                                      "value" : "\"sem5\""
                                    }
                                  ],
                                  "operations" : [
                                    {
                                      "action" : "template-cool! fingers crossed, fetching your result"
                                    }
                                  ]
                                }
                              ],
                              [
                                {
                                  "user" : "sem6",
                                  "entities" : [
                                    {
                                      "entity" : "intent",
                                      "value" : "\"sem6\""
                                    }
                                  ],
                                  "operations" : [
                                    {
                                      "action" : "template-cool! fingers crossed, fetching your result"
                                    }
                                  ]
                                }
                              ]
                            ]
                          }
                        ]
                      }
                    ]
                  }
                ]
              }
            ],
            [
              {
                "user" : "syllabus",
                "entities" : [ ],
                "operations" : [ ]
              }
            ],
            [
              {
                "user" : "events",
                "entities" : [ ],
                "operations" : [ ]
              }
            ]
          ]
        }
      ]
    }
  ]
}