{
  "data" : {
    "lookups" : [
      "trait",
      "trait",
      "trait",
      "trait"
    ],
    "name" : "sem",
    "lang" : "en",
    "exotic" : false,
    "id" : "sem",
    "values" : [
      {
        "value" : "sem1",
        "expressions" : [
          "sem1"
        ]
      },
      {
        "value" : "sem2",
        "expressions" : [
          "sem2"
        ]
      },
      {
        "value" : "sem3",
        "expressions" : [
          "sem3"
        ]
      },
      {
        "value" : "sem4",
        "expressions" : [
          "sem4"
        ]
      }
    ],
    "doc" : "User-defined entity",
    "builtin" : false
  }
}