{
  "data" : {
    "lookups" : [
      "free-text",
      "keywords",
      "trait"
    ],
    "name" : "year",
    "lang" : "en",
    "exotic" : false,
    "id" : "year",
    "values" : [
      {
        "value" : "2015",
        "expressions" : [
          "2015"
        ]
      },
      {
        "value" : "2016",
        "expressions" : [
          "2016"
        ]
      },
      {
        "value" : "2017"
      },
      {
        "value" : "2018",
        "expressions" : [
          "2018"
        ]
      }
    ],
    "doc" : "User-defined entity",
    "builtin" : false
  }
}