{
  "data" : {
    "lookups" : [
      "trait"
    ],
    "name" : "intent",
    "lang" : "en",
    "exotic" : false,
    "id" : "intent",
    "values" : [
      {
        "value" : ""
      },
      {
        "value" : "department",
        "expressions" : [
          "department"
        ]
      },
      {
        "value" : "regno"
      },
      {
        "value" : "result"
      },
      {
        "value" : "sem"
      },
      {
        "value" : "sem1"
      },
      {
        "value" : "sem2"
      },
      {
        "value" : "sem3"
      },
      {
        "value" : "sem4"
      },
      {
        "value" : "sem5"
      },
      {
        "value" : "sem6"
      },
      {
        "value" : "startOver"
      },
      {
        "value" : "syllabus"
      }
    ],
    "doc" : "User-defined entity",
    "builtin" : false
  }
}