{
  "data" : [
    {
      "id" : "function-here is your ",
      "type" : "function",
      "name" : "here is your "
    },
    {
      "id" : "function-set",
      "type" : "function",
      "name" : "set"
    },
    {
      "id" : "function-set semNO",
      "type" : "function",
      "name" : "set semNO"
    },
    {
      "id" : "function-set semsterNO",
      "type" : "function",
      "name" : "set semsterNO"
    },
    {
      "id" : "function-setYear",
      "type" : "function",
      "name" : "setYear"
    },
    {
      "id" : "function-setdepartment",
      "type" : "function",
      "name" : "setdepartment"
    },
    {
      "id" : "function-setresultType",
      "type" : "function",
      "name" : "setresultType"
    },
    {
      "id" : "function-setsemNO",
      "type" : "function",
      "name" : "setsemNO"
    },
    {
      "id" : "function-setsemsterNO",
      "type" : "function",
      "name" : "setsemsterNO"
    },
    {
      "id" : "template-Hey ",
      "type" : "template",
      "template" : "Hey "
    },
    {
      "id" : "template-Hey Buddy ,what's Up?",
      "type" : "template",
      "template" : "Hey Buddy ,what's Up?"
    },
    {
      "id" : "template-Hey Buddy ,what's up?",
      "type" : "template",
      "template" : "Hey Buddy ,what's up?"
    },
    {
      "id" : "template-Hey Buddy ,what's up? would you like to know",
      "type" : "template",
      "template" : "Hey Buddy ,what's up? would you like to know",
      "quickreplies" : [
        "results",
        "syllabus",
        "events"
      ]
    },
    {
      "id" : "template-Hey buddy, what's Up?",
      "type" : "template",
      "template" : "Hey buddy, what's Up?"
    },
    {
      "id" : "template-cool! fingers crossed, fetching your result",
      "type" : "template",
      "template" : "cool! fingers crossed, fetching your result"
    },
    {
      "id" : "template-here is  {semesterNo} result ",
      "type" : "template",
      "template" : "here is  {semesterNo} result ",
      "requirements" : [
        {
          "name" : "semesterNo",
          "negative" : false
        }
      ]
    },
    {
      "id" : "template-here is your syllabus of  {department} {semNO} {year}",
      "type" : "template",
      "template" : "here is your syllabus of  {department} {semNO} {year}",
      "requirements" : [
        {
          "name" : "department",
          "negative" : false
        },
        {
          "name" : "semNO",
          "negative" : false
        },
        {
          "name" : "year",
          "negative" : false
        }
      ]
    },
    {
      "id" : "template-here is your syllabus of  {department} {semesterNO} {year}",
      "type" : "template",
      "template" : "here is your syllabus of  {department} {semesterNO} {year}",
      "requirements" : [
        {
          "name" : "department",
          "negative" : false
        },
        {
          "name" : "semesterNO",
          "negative" : false
        },
        {
          "name" : "year",
          "negative" : false
        }
      ]
    },
    {
      "id" : "template-here is your {department} ",
      "type" : "template",
      "template" : "here is your {department} ",
      "requirements" : [
        {
          "name" : "department",
          "negative" : false
        }
      ]
    },
    {
      "id" : "template-here is your {department} {semNo} ",
      "type" : "template",
      "template" : "here is your {department} {semNo} ",
      "requirements" : [
        {
          "name" : "department",
          "negative" : false
        },
        {
          "name" : "semNo",
          "negative" : false
        }
      ]
    },
    {
      "id" : "template-here is your {department} {semesterNO}",
      "type" : "template",
      "template" : "here is your {department} {semesterNO}",
      "requirements" : [
        {
          "name" : "department",
          "negative" : false
        },
        {
          "name" : "semesterNO",
          "negative" : false
        }
      ]
    },
    {
      "id" : "template-here is your {department} {semesterNO} {year}",
      "type" : "template",
      "template" : "here is your {department} {semesterNO} {year}",
      "requirements" : [
        {
          "name" : "department",
          "negative" : false
        },
        {
          "name" : "semesterNO",
          "negative" : false
        },
        {
          "name" : "year",
          "negative" : false
        }
      ]
    },
    {
      "id" : "template-here is your {department} {sem} ",
      "type" : "template",
      "template" : "here is your {department} {sem} ",
      "requirements" : [
        {
          "name" : "department",
          "negative" : false
        },
        {
          "name" : "sem",
          "negative" : false
        }
      ]
    },
    {
      "id" : "template-here is your {department} {}",
      "type" : "template",
      "template" : "here is your {department} {}",
      "requirements" : [
        {
          "name" : "department",
          "negative" : false
        }
      ]
    },
    {
      "id" : "template-here is your {result}...result",
      "type" : "template",
      "template" : "here is your {result}...result",
      "requirements" : [
        {
          "name" : "result",
          "negative" : false
        }
      ]
    },
    {
      "id" : "template-here is your {semesterNo} result ",
      "type" : "template",
      "template" : "here is your {semesterNo} result ",
      "requirements" : [
        {
          "name" : "semesterNo",
          "negative" : false
        }
      ]
    },
    {
      "id" : "template-here is your {semesterNo} {result} result ",
      "type" : "template",
      "template" : "here is your {semesterNo} {result} result ",
      "requirements" : [
        {
          "name" : "result",
          "negative" : false
        },
        {
          "name" : "semesterNo",
          "negative" : false
        }
      ]
    },
    {
      "id" : "template-here is your {semesterNo} {{}}result ",
      "type" : "template",
      "template" : "here is your {semesterNo} {{}}result ",
      "requirements" : [
        {
          "name" : "semesterNo",
          "negative" : false
        },
        {
          "name" : "{",
          "negative" : false
        }
      ]
    },
    {
      "id" : "template-here is your {semester}...result",
      "type" : "template",
      "template" : "here is your {semester}...result",
      "requirements" : [
        {
          "name" : "semester",
          "negative" : false
        }
      ]
    },
    {
      "id" : "template-here is your {}",
      "type" : "template",
      "template" : "here is your {}"
    },
    {
      "id" : "template-sure ! which sem",
      "type" : "template",
      "template" : "sure ! which sem",
      "quickreplies" : [
        "sem1",
        "sem2",
        "sem3",
        "sem4"
      ]
    },
    {
      "id" : "template-sure ! which semester",
      "type" : "template",
      "template" : "sure ! which semester",
      "quickreplies" : [
        "sem1",
        "sem2",
        "sem3",
        "sem4"
      ]
    },
    {
      "id" : "template-sure ! which semester result you want to know ?",
      "type" : "template",
      "template" : "sure ! which semester result you want to know ?",
      "quickreplies" : [
        "sem1",
        "sem2",
        "sem3",
        "sem4",
        "sem5",
        "sem6"
      ]
    },
    {
      "id" : "template-sure ! which semester syllabus",
      "type" : "template",
      "template" : "sure ! which semester syllabus"
    },
    {
      "id" : "template-sure ! which semester {result} ",
      "type" : "template",
      "template" : "sure ! which semester {result} ",
      "requirements" : [
        {
          "name" : "result",
          "negative" : false
        }
      ]
    },
    {
      "id" : "template-sure ! which semester {result} result you want to know",
      "type" : "template",
      "template" : "sure ! which semester {result} result you want to know",
      "requirements" : [
        {
          "name" : "result",
          "negative" : false
        }
      ]
    },
    {
      "id" : "template-sure ! which semester {result} result you want to know ?",
      "type" : "template",
      "template" : "sure ! which semester {result} result you want to know ?",
      "requirements" : [
        {
          "name" : "result",
          "negative" : false
        }
      ],
      "quickreplies" : [
        "semester 1",
        "semester 2",
        "semester 3",
        "semester 4",
        "semester 5",
        "semester 6"
      ]
    },
    {
      "id" : "template-sure ! which semester {semNo} result you want to know ?",
      "type" : "template",
      "template" : "sure ! which semester {semNo} result you want to know ?",
      "requirements" : [
        {
          "name" : "semNo",
          "negative" : false
        }
      ]
    },
    {
      "id" : "template-sure ! which {result} result you want to know ? ",
      "type" : "template",
      "template" : "sure ! which {result} result you want to know ? ",
      "requirements" : [
        {
          "name" : "result",
          "negative" : false
        }
      ],
      "quickreplies" : [
        "sem1",
        "sem2",
        "sem3",
        "sem4",
        "sem5",
        "sem6"
      ]
    },
    {
      "id" : "template-sure!which sem",
      "type" : "template",
      "template" : "sure!which sem",
      "quickreplies" : [
        "sem1",
        "sem2",
        "sem3",
        "sem4",
        "sem5",
        "sem6"
      ]
    },
    {
      "id" : "template-wait am searching for it.",
      "type" : "template",
      "template" : "wait am searching for it."
    },
    {
      "id" : "template-welcome . what you need buddy",
      "type" : "template",
      "template" : "welcome . what you need buddy"
    },
    {
      "id" : "template-which department",
      "type" : "template",
      "template" : "which department",
      "quickreplies" : [
        "cse",
        "ece"
      ]
    },
    {
      "id" : "template-which semester",
      "type" : "template",
      "template" : "which semester"
    },
    {
      "id" : "template-which semester?",
      "type" : "template",
      "template" : "which semester?"
    },
    {
      "id" : "template-your register number",
      "type" : "template",
      "template" : "your register number"
    },
    {
      "id" : "template-your syllabus of which department ",
      "type" : "template",
      "template" : "your syllabus of which department ",
      "quickreplies" : [
        "cse",
        "ece"
      ]
    },
    {
      "id" : "template-your {result} result is featching ... ",
      "type" : "template",
      "template" : "your {result} result is featching ... ",
      "requirements" : [
        {
          "name" : "result",
          "negative" : false
        }
      ]
    },
    {
      "id" : "template-your {semNo} result ",
      "type" : "template",
      "template" : "your {semNo} result ",
      "requirements" : [
        {
          "name" : "semNo",
          "negative" : false
        }
      ]
    },
    {
      "id" : "template-your {semNo} result is featching ... ",
      "type" : "template",
      "template" : "your {semNo} result is featching ... ",
      "requirements" : [
        {
          "name" : "semNo",
          "negative" : false
        }
      ]
    },
    {
      "id" : "template-your {semNo} syllabus of which ",
      "type" : "template",
      "template" : "your {semNo} syllabus of which ",
      "requirements" : [
        {
          "name" : "semNo",
          "negative" : false
        }
      ]
    },
    {
      "id" : "template-your {semNo} syllabus of which department ",
      "type" : "template",
      "template" : "your {semNo} syllabus of which department ",
      "requirements" : [
        {
          "name" : "semNo",
          "negative" : false
        }
      ],
      "quickreplies" : [
        "cse",
        "ece"
      ]
    },
    {
      "id" : "template-your {semesterNO} result ",
      "type" : "template",
      "template" : "your {semesterNO} result ",
      "requirements" : [
        {
          "name" : "semesterNO",
          "negative" : false
        }
      ]
    },
    {
      "id" : "template-your {semesterNo} result ",
      "type" : "template",
      "template" : "your {semesterNo} result ",
      "requirements" : [
        {
          "name" : "semesterNo",
          "negative" : false
        }
      ]
    },
    {
      "id" : "template-your {sem}",
      "type" : "template",
      "template" : "your {sem}",
      "requirements" : [
        {
          "name" : "sem",
          "negative" : false
        }
      ]
    },
    {
      "id" : "template-your {sem} syllabus of which department ",
      "type" : "template",
      "template" : "your {sem} syllabus of which department ",
      "requirements" : [
        {
          "name" : "sem",
          "negative" : false
        }
      ],
      "quickreplies" : [
        "ece",
        "cse"
      ]
    },
    {
      "id" : "template-{ regno} wait am searching for it.",
      "type" : "template",
      "template" : "{ regno} wait am searching for it.",
      "requirements" : [
        {
          "name" : " regno",
          "negative" : false
        }
      ]
    },
    {
      "id" : "template-{semNO}  {department} syllabus of which year",
      "type" : "template",
      "template" : "{semNO}  {department} syllabus of which year",
      "requirements" : [
        {
          "name" : "department",
          "negative" : false
        },
        {
          "name" : "semNO",
          "negative" : false
        }
      ]
    },
    {
      "id" : "template-{semNO} of which department",
      "type" : "template",
      "template" : "{semNO} of which department",
      "requirements" : [
        {
          "name" : "semNO",
          "negative" : false
        }
      ],
      "quickreplies" : [
        "cse",
        "it",
        "ece"
      ]
    },
    {
      "id" : "template-{semNo} which department",
      "type" : "template",
      "template" : "{semNo} which department",
      "requirements" : [
        {
          "name" : "semNo",
          "negative" : false
        }
      ],
      "quickreplies" : [
        "cse",
        "ece"
      ]
    },
    {
      "id" : "template-{semesterNO}  {department} syllabus of which year",
      "type" : "template",
      "template" : "{semesterNO}  {department} syllabus of which year",
      "requirements" : [
        {
          "name" : "department",
          "negative" : false
        },
        {
          "name" : "semesterNO",
          "negative" : false
        }
      ],
      "quickreplies" : [
        "2017",
        "2018",
        "2016"
      ]
    },
    {
      "id" : "template-{semesterNO} of which department",
      "type" : "template",
      "template" : "{semesterNO} of which department",
      "requirements" : [
        {
          "name" : "semesterNO",
          "negative" : false
        }
      ],
      "quickreplies" : [
        "cse",
        "ece",
        "it"
      ]
    },
    {
      "id" : "template-{se}",
      "type" : "template",
      "template" : "{se}",
      "requirements" : [
        {
          "name" : "se",
          "negative" : false
        }
      ]
    }
  ]
}